confidence,correct,class_id
0.8930302262306213,1,0
0.7473415732383728,1,45
0.7430881857872009,1,45
0.7132405638694763,1,45
0.5717460513114929,1,69
0.4620460271835327,0,45
0.36509352922439575,0,58
0.27766624093055725,1,41
0.2667221426963806,1,0
0.9214143753051758,1,72
0.8934507966041565,1,69
0.6184795498847961,1,60
0.4534784257411957,1,49
0.4195467531681061,1,49
0.39364954829216003,0,72
0.3835080564022064,1,49
0.30830007791519165,1,49
0.2897481322288513,1,49
0.2673000395298004,0,49
0.9277877807617188,1,0
0.9188511967658997,1,0
0.8897705078125,1,0
0.545466959476471,1,9
0.37707987427711487,0,56
0.37305331230163574,1,25
0.8354279398918152,1,0
0.8307035565376282,1,0
0.7207823991775513,1,1
0.5767271518707275,1,36
0.5563470721244812,0,0
0.46786677837371826,1,0
0.43554359674453735,1,0
0.4323851764202118,0,0
0.35617196559906006,1,0
0.3377048671245575,0,1
0.2948494255542755,0,0
0.28760045766830444,0,0
0.2794802188873291,1,0
0.27868276834487915,1,0
0.8808926939964294,1,1
0.8205549716949463,1,2
0.7336961030960083,1,2
0.5361738204956055,1,2
0.44934460520744324,0,2
0.4362184405326843,1,7
0.38729023933410645,0,2
0.3465408384799957,0,2
0.29897674918174744,0,2
0.2751806080341339,1,2
0.2741369903087616,0,2
0.7303996682167053,1,61
0.6807771325111389,1,71
0.2877415120601654,0,41
0.3375084698200226,1,61
0.7688083052635193,1,0
0.6906811594963074,1,3
0.4821867048740387,1,0
0.4039856791496277,0,0
0.3464527726173401,1,3
0.6707380414009094,1,61
0.4795849919319153,1,61
0.42442992329597473,0,61
0.25804516673088074,0,61
0.7427940368652344,1,61
0.6506645679473877,1,61
0.3870413601398468,1,61
0.257651686668396,0,71
0.8563547730445862,1,3
0.8203269839286804,1,3
0.8092577457427979,1,0
0.7921724319458008,1,0
0.7416701316833496,1,0
0.6974238753318787,1,0
0.6607434153556824,1,0
0.6177961230278015,1,0
0.5432332158088684,0,2
0.47793227434158325,1,0
0.44275587797164917,1,0
0.38818132877349854,1,0
0.38628196716308594,1,2
0.371724009513855,0,2
0.36072874069213867,1,0
0.35809019207954407,1,7
0.333880752325058,1,0
0.30496564507484436,0,0
0.29388970136642456,1,0
0.2920922636985779,1,0
0.2561262845993042,1,0
0.9238609075546265,1,0
0.5245006680488586,0,63
0.4048191010951996,0,63
0.3431861102581024,0,73
0.3078947961330414,0,56
0.2708902359008789,0,73
0.7057639956474304,1,58
0.5060625076293945,1,75
0.4968401789665222,1,75
0.46225932240486145,1,75
0.4055861532688141,1,58
0.8386448621749878,1,62
0.6026568412780762,0,59
0.29327869415283203,0,73
0.8997052311897278,0,75
0.7427195906639099,1,45
0.6494978666305542,1,49
0.49728989601135254,1,49
0.3490698039531708,1,49
0.6928802728652954,1,0
0.5488185286521912,1,0
0.3991159498691559,1,4
0.3034403324127197,0,8
0.8306752443313599,1,23
0.5495862364768982,0,23
0.3799736201763153,0,16
0.28857794404029846,0,16
0.26513975858688354,0,46
0.25543174147605896,0,18
0.9073894619941711,1,13
0.3337322175502777,1,8
0.2737835943698883,0,8
0.8669753074645996,1,18
0.7907162308692932,1,0
0.7729892134666443,1,18
0.6746305227279663,1,18
0.5892975330352783,1,18
0.5892035961151123,1,0
0.5687525868415833,1,18
0.45714664459228516,1,0
0.45356231927871704,1,18
0.4107460081577301,0,19
0.3073851466178894,0,19
0.2855362296104431,0,19
0.886396586894989,1,2
0.8762036561965942,1,2
0.8743592500686646,1,2
0.8619535565376282,1,2
0.8027855157852173,1,2
0.6577643156051636,1,2
0.6568261384963989,1,0
0.5921315550804138,1,2
0.5498533844947815,1,0
0.4864920675754547,1,2
0.3700147271156311,0,2
0.29201406240463257,1,2
0.25350040197372437,1,0
0.5858166217803955,1,5
0.40526124835014343,1,0
0.33514702320098877,0,7
0.9157413244247437,1,2
0.8676304817199707,1,5
0.7699921131134033,1,0
0.7544078826904297,1,0
0.7481055855751038,1,0
0.5603188276290894,1,0
0.557464599609375,1,0
0.5072975158691406,1,0
0.398409366607666,1,0
0.37873604893684387,1,0
0.36459749937057495,0,2
0.3315391540527344,1,0
0.3224545121192932,1,0
0.8778045773506165,0,7
0.8619686365127563,1,0
0.8595353960990906,1,2
0.8219276070594788,1,5
0.7117621302604675,1,0
0.6766719818115234,1,0
0.6552801132202148,1,0
0.5402214527130127,1,0
0.5197206735610962,1,0
0.401154100894928,1,0
0.39943748712539673,1,0
0.2828124165534973,1,0
0.27767425775527954,0,0
0.26247939467430115,0,25
0.9242907762527466,1,5
0.790748119354248,1,2
0.741073489189148,1,2
0.7325802445411682,1,2
0.6538495421409607,1,2
0.28679895401000977,1,0
0.7757258415222168,1,2
0.769881010055542,1,2
0.7284001708030701,1,2
0.6110231280326843,1,0
0.6089630126953125,1,2
0.5297796726226807,0,2
0.38561341166496277,1,2
0.30465635657310486,1,2
0.27384358644485474,0,2
0.8827283382415771,1,23
0.5280911326408386,1,23
0.8918498158454895,1,0
0.6250550746917725,0,26
0.5613448023796082,1,13
0.4734245240688324,0,6
0.8998202085494995,1,0
0.8117351531982422,1,14
0.7316306829452515,1,14
0.34942495822906494,1,14
0.9169970154762268,1,14
0.728597104549408,1,14
0.6633389592170715,1,14
0.6074296236038208,1,14
0.8907875418663025,1,6
0.27946048974990845,0,9
0.9380266070365906,1,6
0.7221043705940247,0,0
0.4647461175918579,0,0
0.4245101809501648,0,0
0.27652493119239807,0,0
0.2619759440422058,1,0
0.9012149572372437,1,11
0.9277592301368713,1,11
0.9412732124328613,1,11
0.6982100009918213,1,57
0.47736677527427673,0,15
0.42851096391677856,0,16
0.3300509452819824,1,16
0.2981729805469513,1,15
0.8619422316551208,1,15
0.8526235818862915,1,15
0.9012540578842163,1,15
0.600196123123169,1,28
0.5112364292144775,1,28
0.31815776228904724,0,59
0.7115548253059387,0,18
0.5964587926864624,1,19
0.588172972202301,1,19
0.37316009402275085,0,17
0.3126419186592102,0,2
0.9219318628311157,1,19
0.5921730995178223,1,19
0.897162914276123,1,62
0.8894069790840149,1,41
0.7677104473114014,1,15
0.47983238101005554,1,0
0.5361518859863281,1,15
0.531619131565094,1,62
0.3150818645954132,1,63
0.3128615617752075,1,15
0.9360492825508118,1,0
0.26931750774383545,1,27
0.6545602083206177,1,0
0.6285403966903687,1,0
0.614430844783783,1,0
0.6139408349990845,1,0
0.6055134534835815,1,0
0.5837268233299255,0,0
0.546160101890564,1,0
0.4891195595264435,1,0
0.4345521330833435,1,0
0.43307816982269287,0,0
0.42476800084114075,1,0
0.376971572637558,0,0
0.32767245173454285,0,27
0.2871057689189911,1,0
0.25325697660446167,0,0
0.6539727449417114,1,0
0.5701460242271423,1,0
0.5554259419441223,1,0
0.4578407108783722,1,8
0.4280906319618225,1,0
0.36421072483062744,0,0
0.325988233089447,1,0
0.28617051243782043,1,8
0.27616921067237854,1,0
0.2525588572025299,0,0
0.9126969575881958,1,20
0.8688195943832397,1,20
0.7908073663711548,1,20
0.7813654541969299,1,20
0.7104596495628357,1,20
0.6566969752311707,1,20
0.6108182668685913,1,20
0.4754381477832794,1,20
0.9140257239341736,1,8
0.680958092212677,1,8
0.9127104878425598,1,20
0.9157612323760986,1,0
0.8888850212097168,1,0
0.7947342395782471,1,0
0.7564412355422974,1,5
0.7060028910636902,1,0
0.6648680567741394,1,0
0.5824373960494995,1,25
0.5705663561820984,1,0
0.4449700713157654,1,25
0.4082653224468231,0,0
0.3342028260231018,0,5
0.2804681062698364,0,2
0.25649723410606384,1,0
0.916097104549408,1,20
0.9009727835655212,1,0
0.8884229063987732,1,0
0.8336060643196106,1,0
0.38095822930336,0,25
0.3758861720561981,1,26
0.3541177213191986,0,26
0.34323301911354065,0,24
0.26599743962287903,1,25
0.7910647988319397,1,0
0.7106239199638367,1,25
0.6053265929222107,1,0
0.4979327917098999,1,0
0.28019893169403076,1,25
0.25156182050704956,1,3
0.9400989413261414,1,16
0.9033432602882385,1,0
0.6607592105865479,1,29
0.3973331153392792,0,32
0.28404471278190613,1,0
0.922258734703064,1,0
0.7610602974891663,1,24
0.39857935905456543,0,24
0.33858522772789,0,24
0.27873513102531433,0,28
0.9604323506355286,1,21
0.5504899621009827,1,14
0.910494327545166,1,22
0.9354245066642761,1,22
0.9150452613830566,1,22
0.9273563027381897,1,22
0.38560423254966736,0,2
0.2994200885295868,0,2
0.7236610651016235,1,22
0.5629306435585022,1,22
0.3201499283313751,1,22
0.2916879951953888,0,22
0.9162906408309937,1,17
0.9148344993591309,1,17
0.9085466861724854,1,17
0.8341416716575623,1,0
0.7196290493011475,1,0
0.6935319900512695,1,0
0.4416070580482483,1,0
0.25662413239479065,1,0
0.2520335614681244,0,17
0.898082971572876,1,17
0.6162344217300415,0,0
0.6073817014694214,1,0
0.5542452931404114,1,13
0.4885813593864441,1,0
0.42437538504600525,1,0
0.4230673015117645,1,0
0.4168583154678345,1,0
0.4048386514186859,1,0
0.372516006231308,1,0
0.3566097021102905,1,0
0.32147109508514404,1,0
0.3154832422733307,0,25
0.29377493262290955,0,0
0.2685311436653137,0,0
0.894373893737793,1,17
0.929190456867218,1,0
0.29039180278778076,1,30
0.8716238141059875,1,0
0.6038092374801636,0,0
0.5932259559631348,1,35
0.26995474100112915,1,32
0.269112229347229,0,0
0.9210872650146484,1,0
0.35269954800605774,0,31
0.5552211999893188,1,45
0.45764434337615967,0,55
0.40504103899002075,0,60
0.4825296401977539,1,50
0.43421468138694763,0,50
0.43397071957588196,0,50
0.3627934753894806,0,50
0.3568077087402344,0,50
0.3563443720340729,0,45
0.3042862117290497,0,50
0.27719175815582275,0,50
0.2519606649875641,0,50
0.9276148080825806,1,0
0.8771653771400452,1,36
0.9302191138267517,1,0
0.9291724562644958,1,36
0.4650789797306061,0,0
0.28990909457206726,0,29
0.2685549855232239,0,0
0.7466270923614502,1,36
0.7144889831542969,1,0
0.6575558185577393,0,0
0.607598066329956,1,36
0.5032135844230652,1,0
0.3980543911457062,1,0
0.30328458547592163,1,0
0.8934767246246338,1,0
0.8626531958580017,1,36
0.652143657207489,1,0
0.6016772985458374,1,0
0.33886459469795227,1,2
0.33252277970314026,0,13
0.8390144109725952,1,0
0.7095356583595276,1,36
0.25741514563560486,0,36
0.9660066962242126,1,54
0.9620772004127502,1,54
0.9485375285148621,1,54
0.9100303649902344,1,54
0.9063892364501953,1,54
0.9018422365188599,1,54
0.5629913806915283,1,0
0.47560182213783264,1,54
0.34062686562538147,1,0
0.9111073017120361,1,0
0.7262971997261047,1,54
0.3332234025001526,0,53
0.9404103755950928,1,54
0.9308992624282837,1,54
0.9278520941734314,1,54
0.4322446882724762,0,41
0.9342970252037048,1,0
0.924924373626709,1,0
0.9159657955169678,1,0
0.790979266166687,1,54
0.5112072825431824,1,54
0.4486022889614105,0,54
0.4439912736415863,0,54
0.4144340753555298,1,54
0.39948248863220215,0,54
0.36812058091163635,0,54
0.3627018928527832,0,54
0.35505616664886475,1,54
0.34131765365600586,0,54
0.3406144678592682,0,54
0.3280423581600189,0,54
0.3078870177268982,0,54
0.29338696599006653,0,54
0.2817617654800415,0,54
0.26264163851737976,0,54
0.9193814992904663,0,54
0.9114128947257996,0,54
0.9112014770507812,1,54
0.9078560471534729,0,54
0.8982177972793579,0,54
0.8903083205223083,1,54
0.888081967830658,1,54
0.8753765225410461,0,54
0.8651330471038818,1,54
0.8614543080329895,1,54
0.8532917499542236,1,54
0.8532896041870117,0,54
0.8515006303787231,0,54
0.8336723446846008,1,54
0.8133642673492432,0,54
0.7962310910224915,0,54
0.7688148617744446,1,54
0.7260343432426453,1,54
0.6775492429733276,0,54
0.6612207889556885,0,54
0.6292336583137512,0,54
0.6199707984924316,1,54
0.5428003072738647,0,54
0.5191147327423096,0,54
0.4966495633125305,1,54
0.47394058108329773,0,54
0.4266306161880493,1,54
0.38622573018074036,0,54
0.3211481273174286,0,54
0.30023571848869324,0,54
0.7831564545631409,1,48
0.7826574444770813,1,48
0.39923709630966187,1,48
0.3910767138004303,0,50
0.35212135314941406,1,49
0.5752514004707336,1,41
0.32870516180992126,0,55
0.3274570107460022,1,55
0.32347628474235535,0,0
0.31720057129859924,1,0
0.3039562404155731,1,0
0.28904014825820923,0,54
0.2585313618183136,0,54
0.9060341715812683,1,0
0.6475525498390198,1,32
0.49331021308898926,1,32
0.4822886288166046,0,32
0.7132136225700378,1,0
0.6859655976295471,1,0
0.6758958101272583,1,0
0.6362819075584412,1,0
0.4661833643913269,1,37
0.45440080761909485,0,0
0.4415234923362732,0,37
0.40848714113235474,0,37
0.4321672022342682,0,41
0.4050230383872986,1,41
0.3768783509731293,0,65
0.9292498826980591,1,0
0.9291626811027527,1,32
0.9074795246124268,1,0
0.8812040686607361,1,0
0.6439430117607117,1,0
0.6429462432861328,1,0
0.8747686743736267,1,0
0.8598713874816895,1,0
0.6805862784385681,0,0
0.41722577810287476,0,54
0.5311314463615417,0,59
0.8370888233184814,1,59
0.49603554606437683,1,56
0.41985949873924255,0,56
0.3168618977069855,0,73
0.315224289894104,1,56
0.3090991675853729,0,24
0.29565325379371643,0,56
0.2603321373462677,0,41
0.7794620990753174,1,0
0.6854682564735413,1,55
0.9354112148284912,1,0
0.9173822999000549,1,0
0.8759309649467468,1,0
0.8478517532348633,1,0
0.8443844318389893,1,0
0.8335634469985962,1,0
0.671063244342804,1,0
0.664527177810669,1,0
0.6580716371536255,1,0
0.5615250468254089,1,0
0.4167781174182892,1,0
0.4140474796295166,1,0
0.3598667085170746,1,32
0.31582269072532654,1,0
0.854468584060669,1,59
0.7230075001716614,0,68
0.36869314312934875,1,59
0.337022602558136,1,59
0.8373216390609741,1,53
0.6120454668998718,0,0
0.45949527621269226,1,0
0.4537000060081482,1,0
0.39944568276405334,1,37
0.26291295886039734,1,37
0.2625638544559479,0,0
0.7949554324150085,1,0
0.6478567123413086,1,59
0.31863102316856384,1,59
0.6130862832069397,0,0
0.31933093070983887,0,59
0.8472793102264404,1,0
0.7900762557983398,1,0
0.7540614008903503,1,0
0.538589596748352,1,0
0.42016100883483887,0,6
0.841042697429657,1,53
0.7949772477149963,1,0
0.9335955381393433,1,56
0.6066030263900757,0,57
0.2623187005519867,0,58
0.8498057723045349,1,39
0.7012439370155334,1,60
0.6281478404998779,1,53
0.5919158458709717,0,41
0.4913864731788635,0,41
0.457622230052948,0,41
0.8967151641845703,1,0
0.8762359619140625,1,32
0.8105267286300659,1,0
0.7430787086486816,1,0
0.7407464385032654,1,0
0.6388066411018372,1,0
0.5224056839942932,0,56
0.5045284032821655,0,56
0.5031562447547913,0,56
0.4848672151565552,0,56
0.47097161412239075,0,56
0.30892086029052734,1,0
0.3006938397884369,1,0
0.2951467037200928,1,0
0.29067757725715637,0,56
0.2689574956893921,1,0
0.26190003752708435,0,0
0.8632736802101135,1,0
0.8502033352851868,1,0
0.6588939428329468,1,79
0.4754738211631775,1,79
0.43721744418144226,0,79
0.3773556351661682,0,0
0.8250920176506042,0,0
0.7121763229370117,1,65
0.47156578302383423,1,57
0.35640576481819153,1,57
0.6555091142654419,1,0
0.576328694820404,1,0
0.4806392192840576,0,0
0.4741096496582031,0,63
0.3741808831691742,0,57
0.2889694273471832,0,57
0.9125533103942871,1,57
0.7887237668037415,1,56
0.5827386379241943,1,58
0.3601539134979248,1,13
0.3258238136768341,1,60
0.2820912301540375,0,60
0.8170862793922424,1,57
0.6856549978256226,1,57
0.5085922479629517,1,58
0.42698895931243896,1,56
0.42619946599006653,0,75
0.4218290150165558,0,58
0.4007715880870819,0,60
0.35749778151512146,0,56
0.33373701572418213,1,75
0.32161790132522583,0,56
0.29199883341789246,0,58
0.27172815799713135,1,57
0.8540104031562805,0,57
0.5451033115386963,1,62
0.4141766428947449,0,16
0.3294715881347656,1,15
0.3156377077102661,1,56
0.27781015634536743,0,57
0.8992506861686707,1,0
0.8944932818412781,1,0
0.8844923973083496,1,0
0.8681535124778748,1,32
0.48451119661331177,1,0
0.4073996841907501,0,0
0.3729586899280548,0,0
0.3570847511291504,0,0
0.349469929933548,0,0
0.3479973375797272,0,0
0.3439487814903259,0,0
0.3401561975479126,0,0
0.3384186029434204,1,2
0.336030513048172,1,0
0.3357918858528137,0,0
0.32536765933036804,0,0
0.3117603361606598,0,0
0.30192628502845764,0,0
0.2895670533180237,1,0
0.28549328446388245,1,0
0.27666959166526794,0,0
0.25634056329727173,1,0
0.25050249695777893,1,0
0.9012019038200378,1,32
0.8657289743423462,1,0
0.8279296159744263,1,0
0.8191183805465698,1,0
0.7976130247116089,1,0
0.7943700551986694,1,0
0.7768563032150269,1,0
0.7719804048538208,1,0
0.7672095894813538,1,0
0.7328422665596008,1,0
0.6783290505409241,0,0
0.6461526155471802,1,0
0.6442648768424988,1,56
0.6355046629905701,0,0
0.6153411269187927,0,0
0.5118208527565002,0,0
0.498795747756958,1,0
0.3885081112384796,0,0
0.3501494824886322,0,0
0.27083808183670044,0,56
0.8393832445144653,1,75
0.7765215635299683,1,75
0.7718995213508606,0,75
0.744490921497345,0,75
0.66745924949646,0,75
0.6392061710357666,0,75
0.6143090724945068,0,75
0.5781998634338379,1,75
0.5481279492378235,1,75
0.5330780744552612,1,0
0.5255320072174072,0,75
0.48728328943252563,0,75
0.4789848327636719,1,75
0.3979423940181732,0,75
0.36252525448799133,0,75
0.2876152992248535,1,75
0.285178542137146,0,75
0.2778698801994324,0,75
0.27443230152130127,0,75
0.274176687002182,0,75
0.2697822153568268,0,75
0.25832512974739075,0,75
0.9035277366638184,1,0
0.8849297761917114,1,33
0.4311845004558563,0,30
0.2970574200153351,1,31
0.9271727204322815,1,0
0.884533166885376,1,33
0.8791841268539429,1,0
0.8510813117027283,1,0
0.8854227662086487,1,0
0.7373318076133728,0,29
0.8422753810882568,1,74
0.6435415744781494,1,2
0.6432320475578308,1,2
0.5223217606544495,0,9
0.4402177333831787,1,10
0.8894118666648865,1,0
0.8763946890830994,1,0
0.87526535987854,1,0
0.8577717542648315,1,0
0.7311121225357056,1,0
0.3342277407646179,0,34
0.7914204597473145,1,74
0.7860395908355713,1,8
0.4068509638309479,0,0
0.34624770283699036,0,0
0.8916440010070801,1,0
0.8728744387626648,1,0
0.8567758202552795,1,0
0.7545629739761353,1,35
0.5262526869773865,1,0
0.4932582378387451,0,0
0.36138060688972473,0,0
0.3405401110649109,0,0
0.33991822600364685,1,0
0.3384462893009186,0,0
0.3372877836227417,0,0
0.3211342990398407,0,0
0.2813795506954193,1,0
0.26190778613090515,0,56
0.8104345798492432,1,53
0.4753948450088501,0,60
0.8089953064918518,1,63
0.6776024103164673,1,0
0.26082637906074524,0,65
0.8814749121665955,1,77
0.7722384929656982,1,77
0.9230696558952332,0,41
0.7940020561218262,1,41
0.8733185529708862,1,0
0.8660987615585327,1,0
0.8529001474380493,1,67
0.34892815351486206,1,67
0.6630622744560242,1,69
0.6425813436508179,1,0
0.48052072525024414,0,15
0.2772819697856903,0,39
0.9119064211845398,1,0
0.8399919271469116,1,72
0.28360581398010254,0,65
0.2831786572933197,0,45
0.925030529499054,1,0
0.8934686183929443,1,0
0.6149904727935791,0,77
0.7574192881584167,1,75
0.33671513199806213,0,58
0.8846310973167419,1,0
0.8367301225662231,1,40
0.8346110582351685,1,39
0.8285898566246033,1,0
0.7783198356628418,1,0
0.7761123776435852,1,40
0.7665380835533142,1,0
0.7239747643470764,1,39
0.7151780724525452,1,0
0.6914928555488586,1,0
0.6867998242378235,1,39
0.6533055305480957,1,0
0.6200217008590698,1,39
0.6193699836730957,1,0
0.5839258432388306,1,0
0.561007022857666,1,60
0.523885190486908,1,39
0.46939507126808167,0,0
0.439698189496994,1,0
0.41715407371520996,1,39
0.4114589989185333,1,39
0.38717758655548096,1,0
0.3795202672481537,1,0
0.3048960864543915,0,39
0.30460527539253235,0,39
0.2863927185535431,0,56
0.28108903765678406,0,40
0.8915624618530273,1,0
0.8900981545448303,1,0
0.8197554349899292,1,2
0.7981615662574768,1,0
0.7820111513137817,1,0
0.7245067358016968,1,0
0.6851900815963745,1,0
0.5991907119750977,1,0
0.5825106501579285,1,0
0.5683313608169556,1,13
0.5541881322860718,1,24
0.5520539879798889,1,0
0.5159928798675537,1,2
0.3904869854450226,1,2
0.3872591555118561,1,0
0.3507130742073059,0,24
0.31252771615982056,1,24
0.27494317293167114,0,0
0.9199555516242981,1,0
0.6675016283988953,1,69
0.32209455966949463,1,45
0.32150712609291077,0,41
0.8870009183883667,1,0
0.8787057995796204,1,0
0.7291022539138794,1,45
0.5985227227210999,1,45
0.588676393032074,0,15
0.5810537338256836,1,45
0.5416495203971863,1,16
0.34723910689353943,1,45
0.2684394419193268,0,41
0.26570430397987366,1,39
0.2593303620815277,1,45
0.9199731945991516,1,0
0.7144798040390015,0,69
0.4125034809112549,0,45
0.3165538012981415,0,39
0.30117544531822205,0,41
0.30074599385261536,0,58
0.29894906282424927,0,56
0.2776976227760315,0,39
0.8992874026298523,1,0
0.8558220863342285,1,16
0.45210230350494385,0,44
0.3232490122318268,0,74
0.3217290937900543,1,44
0.314859002828598,0,56
0.2623792290687561,1,41
0.2581140398979187,0,41
0.6620261669158936,0,60
0.5619066953659058,1,56
0.5309149622917175,1,56
0.4930533170700073,1,56
0.41686585545539856,1,56
0.3024291396141052,0,56
0.9233669638633728,1,72
0.8913775682449341,1,56
0.7069843411445618,1,60
0.7591612339019775,1,58
0.6563215851783752,1,72
0.5743929147720337,1,69
0.5219494104385376,1,68
0.49041205644607544,1,43
0.38329267501831055,1,43
0.28467318415641785,0,69
0.2828664779663086,1,43
0.8844384551048279,1,0
0.7246994972229004,1,0
0.6507782340049744,1,0
0.5265629887580872,1,1
0.4488566219806671,1,3
0.443352073431015,1,0
0.3765707314014435,1,0
0.3392191231250763,1,0
0.29962676763534546,0,3
0.29044756293296814,1,0
0.2763912081718445,1,0
0.26683172583580017,1,0
0.2576083242893219,1,0
0.8613559007644653,1,5
0.8559674024581909,1,7
0.7899132966995239,1,2
0.7743158340454102,1,0
0.7272776365280151,1,0
0.6964842677116394,1,0
0.5808545351028442,0,2
0.4533894658088684,1,7
0.4055189788341522,0,0
0.3841215968132019,0,0
0.28784194588661194,0,0
0.32283663749694824,1,61
0.9368799924850464,1,0
0.7985950112342834,1,55
0.7175148129463196,1,60
0.4400913119316101,0,56
0.3665772080421448,1,55
0.27621519565582275,1,41
0.3381783962249756,0,61
0.2511552572250366,0,61
0.8528782725334167,0,61
0.619167685508728,1,41
0.5246409773826599,1,61
0.9384887218475342,1,55
0.7500051259994507,1,42
0.4916057288646698,0,42
0.2797371447086334,1,42
0.9641081094741821,1,63
0.9447228312492371,1,66
0.9315265417098999,1,63
0.8822977542877197,1,62
0.8719083070755005,1,64
0.8494619131088257,1,64
0.2880067825317383,0,67
0.2532769441604614,0,66
0.8680875897407532,1,0
0.8212749361991882,1,60
0.767362117767334,1,55
0.727038562297821,1,56
0.42746520042419434,1,58
0.41521114110946655,1,58
0.3721817135810852,0,41
0.30921879410743713,1,57
0.9311419725418091,1,4
0.7830130457878113,1,22
0.6826085448265076,1,22
0.5299262404441833,1,23
0.419636070728302,1,22
0.40203675627708435,0,22
0.38946178555488586,1,22
0.3460921347141266,1,22
0.32072320580482483,0,22
0.9387154579162598,1,16
0.3493637442588806,0,32
0.8943087458610535,1,25
0.8647192120552063,1,0
0.8367321491241455,1,0
0.7936190366744995,1,0
0.7506306767463684,1,2
0.6772644519805908,1,0
0.5846943259239197,1,25
0.5584535598754883,1,2
0.5006476044654846,1,25
0.2564140558242798,0,26
0.8036437630653381,1,2
0.7880865931510925,1,9
0.783258318901062,1,9
0.7642879486083984,1,9
0.7598893046379089,1,9
0.7427026629447937,1,9
0.7364451289176941,1,9
0.7352419495582581,1,9
0.7133350968360901,1,2
0.6611244082450867,1,9
0.6277820467948914,1,9
0.5765681266784668,0,9
0.562175452709198,1,2
0.5465380549430847,1,9
0.5269107818603516,1,2
0.5203241109848022,1,7
0.5009263157844543,0,2
0.433793842792511,0,2
0.4196712076663971,1,7
0.34304162859916687,1,7
0.31097689270973206,0,2
0.777518630027771,1,0
0.8770174384117126,1,0
0.5704078078269958,1,63
0.5526790618896484,1,13
0.35019487142562866,0,73
0.8921986818313599,0,0
0.8460413813591003,1,0
0.8075255751609802,1,0
0.543773889541626,1,0
0.5069912672042847,1,0
0.47396254539489746,1,13
0.42587414383888245,1,26
0.4064870774745941,1,67
0.3256980776786804,1,0
0.28677991032600403,0,0
0.2628013491630554,1,13
0.25858303904533386,1,26
0.8357766270637512,1,23
0.2963853180408478,0,23
0.7858654856681824,1,0
0.9257688522338867,1,18
0.9051910042762756,1,18
0.7434636950492859,1,18
0.9329012632369995,1,23
0.9085793495178223,1,23
0.9258725643157959,1,18
0.7681460380554199,1,18
0.7231416702270508,1,18
0.6296688914299011,1,18
0.5513268709182739,1,18
0.4764755666255951,1,18
0.47082769870758057,0,18
0.43662405014038086,1,18
0.39263659715652466,0,18
0.3656281530857086,0,18
0.3326968252658844,1,18
0.2541075050830841,0,18
0.935674786567688,1,10
0.9209629893302917,1,23
0.9141113758087158,1,23
0.8742704391479492,1,23
0.851439356803894,1,23
0.8410281538963318,1,23
0.8044900298118591,1,23
0.5394279360771179,1,23
0.6338115334510803,1,14
0.3118314743041992,0,8
0.8646884560585022,1,6
0.8900750279426575,1,6
0.9222458600997925,1,6
0.7998209595680237,1,0
0.719356119632721,1,0
0.8444269299507141,1,7
0.5947350263595581,1,7
0.3846362829208374,0,2
0.7836204171180725,1,15
0.3492353856563568,0,56
0.2959845960140228,0,1
0.7479044198989868,1,15
0.613084077835083,0,14
0.8125811219215393,1,0
0.8112785220146179,1,27
0.7055345773696899,1,0
0.6005959510803223,0,56
0.4887171983718872,1,0
0.4520901143550873,1,27
0.4441806375980377,1,27
0.37537112832069397,0,27
0.35954803228378296,0,56
0.3082220256328583,0,56
0.84990394115448,1,25
0.4124903380870819,1,26
0.2965651750564575,0,24
0.27521324157714844,1,0
0.8958139419555664,1,0
0.8790110349655151,1,25
0.8912798166275024,1,0
0.8899089097976685,1,0
0.837844967842102,1,0
0.8063477277755737,1,0
0.753428041934967,1,0
0.5715954899787903,1,0
0.567997395992279,1,0
0.5082756876945496,1,0
0.44239890575408936,1,27
0.2766802906990051,1,0
0.8843855261802673,1,25
0.7372211813926697,1,16
0.603752613067627,1,0
0.4160712957382202,0,25
0.2705203592777252,1,0
0.9171898365020752,1,0
0.8687037229537964,1,0
0.8163478970527649,1,0
0.6892046928405762,1,27
0.8627301454544067,1,0
0.7663891315460205,1,16
0.7020559310913086,1,0
0.6669769287109375,1,25
0.6044459342956543,1,0
0.5522410869598389,1,0
0.5177780389785767,1,0
0.4971616864204407,1,25
0.4858587086200714,1,0
0.3855346441268921,0,0
0.3852573335170746,0,18
0.35556888580322266,0,25
0.9025481939315796,1,56
0.8919483423233032,1,25
0.5627971291542053,1,0
0.36058831214904785,0,25
0.8845446109771729,1,27
0.866795539855957,1,0
0.9031268358230591,1,15
0.2886925935745239,0,39
0.7087350487709045,1,15
0.6549134850502014,1,57
0.631263017654419,1,63
0.5582835078239441,1,0
0.3159194886684418,1,57
0.875430166721344,1,0
0.8244694471359253,1,0
0.7610436081886292,1,0
0.6816907525062561,1,0
0.37067219614982605,1,28
0.33972638845443726,0,28
0.2642454206943512,1,0
0.6795047521591187,1,13
0.6688029170036316,1,13
0.4849988520145416,0,2
0.4345969557762146,1,2
0.4146239161491394,0,25
0.4017777442932129,0,13
0.30136385560035706,1,60
0.26555877923965454,0,60
0.8068355321884155,1,0
0.7075845003128052,1,25
0.4951014518737793,0,6
0.6676698327064514,0,26
0.6479761004447937,1,28
0.47528988122940063,1,28
0.3929910659790039,0,75
0.9093123078346252,1,0
0.8034307956695557,1,0
0.410576730966568,1,0
0.3982280194759369,1,28
0.2910797595977783,0,28
0.2910347282886505,0,0
0.25319764018058777,1,0
0.8366807699203491,1,77
0.7956566214561462,1,77
0.38835564255714417,1,59
0.8862065672874451,1,77
0.5285905003547668,1,77
0.5132129192352295,1,77
0.5009030699729919,1,77
0.46696698665618896,1,73
0.44224342703819275,1,77
0.40751922130584717,1,73
0.9516612887382507,1,21
0.8939338326454163,1,0
0.8338574171066284,1,0
0.8331094980239868,1,0
0.7808194160461426,1,0
0.7268328070640564,1,0
0.681800127029419,1,0
0.810127854347229,1,16
0.7853415012359619,1,59
0.780412495136261,1,63
0.9016163349151611,1,0
0.8864153623580933,1,0
0.41950201988220215,1,29
0.9525032043457031,1,22
0.9329602718353271,1,22
0.8085331320762634,1,22
0.9392768144607544,1,17
0.9307177066802979,1,0
0.43084463477134705,1,0
0.40022963285446167,0,0
0.8315057158470154,1,0
0.36419811844825745,1,30
0.31068000197410583,1,30
0.8954663872718811,1,0
0.87195885181427,1,0
0.8261998891830444,1,0
0.49813124537467957,1,30
0.3837762176990509,1,30
0.8761182427406311,1,0
0.7407605648040771,0,35
0.6646330952644348,1,2
0.6232370734214783,1,0
0.5393322706222534,1,0
0.5347001552581787,0,0
0.4844503104686737,1,0
0.45182713866233826,1,0
0.34303706884384155,0,35
0.3325200080871582,1,0
0.32134732604026794,1,0
0.3174920678138733,1,0
0.2726387083530426,1,35
0.8111128807067871,1,50
0.7756872773170471,0,49
0.6097647547721863,1,45
0.4965457320213318,0,49
0.42941367626190186,0,50
0.41992083191871643,1,60
0.3672002851963043,1,51
0.28038737177848816,1,45
0.9303930401802063,1,0
0.8725335001945496,1,30
0.6261916160583496,0,41
0.2514069974422455,0,54
0.9016221761703491,1,0
0.5436341166496277,1,30
0.39205968379974365,0,4
0.39144790172576904,1,36
0.7023654580116272,1,45
0.5460304021835327,1,60
0.5379555225372314,1,50
0.4995737075805664,0,44
0.3346596360206604,0,45
0.873074471950531,1,36
0.7808209657669067,1,0
0.5931890606880188,1,2
0.2997015416622162,1,2
0.5902658700942993,0,53
0.9038748741149902,1,0
0.7962061762809753,1,30
0.8952088356018066,1,0
0.7353555560112,1,30
0.9011608362197876,1,45
0.8978755474090576,1,41
0.7672492861747742,1,60
0.7138606309890747,0,45
0.6413561105728149,1,50
0.3614944815635681,0,50
0.31285998225212097,0,50
0.2930613160133362,1,50
0.25533804297447205,0,51
0.7311028838157654,1,48
0.7001092433929443,1,47
0.8841816782951355,1,0
0.8193466067314148,1,0
0.8171132206916809,1,0
0.8039889931678772,1,0
0.6591277122497559,1,0
0.3977179527282715,1,0
0.35102272033691406,0,30
0.9228420257568359,1,0
0.9159374833106995,1,0
0.6440384984016418,1,52
0.5721831917762756,1,52
0.4437423348426819,1,0
0.9555423855781555,1,41
0.9383084774017334,1,54
0.8962623476982117,1,40
0.8817868828773499,1,45
0.8644787669181824,1,45
0.7037927508354187,1,45
0.7011032104492188,1,0
0.5609521269798279,1,60
0.39430293440818787,1,45
0.39252689480781555,0,0
0.31251153349876404,1,45
0.2942999601364136,0,44
0.2597754895687103,0,45
0.7300592064857483,1,59
0.6001453995704651,0,73
0.5363001227378845,1,57
0.25467726588249207,1,57
0.7907531261444092,1,59
0.6334757208824158,1,0
0.2672978341579437,0,63
0.8591391444206238,1,0
0.8448648452758789,1,0
0.8248526453971863,1,0
0.7267288565635681,1,0
0.44074341654777527,1,0
0.4406764805316925,0,55
0.4395153820514679,1,0
0.3768768012523651,0,55
0.3353732228279114,0,41
0.3333068788051605,1,60
0.3059154450893402,1,40
0.27560707926750183,0,55
0.9170802235603333,1,0
0.8700668811798096,1,0
0.843122124671936,1,38
0.8175401091575623,1,0
0.4487653970718384,0,53
0.36219504475593567,0,60
0.9249016046524048,1,40
0.7611526250839233,1,41
0.6000224947929382,0,43
0.5426036715507507,0,60
0.49410194158554077,0,0
0.44832244515419006,0,53
0.4129272997379303,0,53
0.3728918135166168,1,53
0.2622275948524475,1,43
0.25663238763809204,0,53
0.9193251132965088,1,53
0.8681531548500061,1,0
0.6435396075248718,0,60
0.31901708245277405,1,41
0.2666082978248596,1,63
0.8774242997169495,1,62
0.8546292185783386,1,53
0.5617291331291199,0,0
0.9270431995391846,1,53
0.8906833529472351,1,0
0.3580138087272644,1,0
0.2678161561489105,0,73
0.8701213002204895,1,40
0.8147532939910889,1,45
0.810417890548706,1,44
0.6327922344207764,1,60
0.5172454714775085,1,41
0.3243977129459381,1,53
0.9158042669296265,1,53
0.8061119914054871,1,53
0.9233354926109314,1,62
0.8565269112586975,1,57
0.7638371586799622,1,56
0.9354224801063538,1,0
0.9139360785484314,1,66
0.8098487854003906,1,62
0.6652353405952454,0,63
0.6475647687911987,1,64
0.3154538571834564,0,27
0.2647782862186432,0,0
0.8409191966056824,1,57
0.7515254020690918,1,62
0.7202426791191101,1,56
0.6816998720169067,1,60
0.6549368500709534,1,56
0.6438720226287842,1,74
0.4336513876914978,0,56
0.37553805112838745,0,56
0.8621889352798462,1,0
0.6156637668609619,0,29
0.3404271602630615,0,29
0.3380690813064575,0,24
0.8786701560020447,1,0
0.8658122420310974,1,0
0.864612340927124,1,0
0.5736139416694641,1,34
0.535699725151062,1,35
0.38517266511917114,1,0
0.28964823484420776,0,0
0.6678298711776733,0,75
0.3315103054046631,1,75
0.27008211612701416,1,75
0.25047457218170166,0,75
0.940523087978363,1,0
0.8806638121604919,1,38
0.8014548420906067,1,32
0.3466990888118744,0,67
0.3328724503517151,0,79
0.3119535446166992,1,76
0.3010370433330536,0,79
0.8162311911582947,1,0
0.7574211955070496,1,67
0.32622718811035156,1,67
0.9287691712379456,1,0
0.9159048795700073,1,63
0.898929238319397,1,67
0.8833681344985962,1,67
0.31657302379608154,1,57
0.29707232117652893,0,28
0.6805142164230347,0,68
0.796726405620575,1,0
0.5177155137062073,1,0
0.43828558921813965,1,77
0.8680958151817322,1,75
0.6830139756202698,1,0
0.505291759967804,0,0
0.37428924441337585,1,66
0.6539437770843506,1,0
0.8192446231842041,1,69
0.3688119351863861,0,44
0.3000324070453644,1,43
0.8707953691482544,1,0
0.8597022294998169,1,0
0.8574560284614563,1,0
0.8244218826293945,1,1
0.8131891489028931,1,0
0.7114107012748718,1,0
0.6484634876251221,1,3
0.6113277077674866,1,3
0.4268925189971924,0,1
0.9091000556945801,1,61
0.6596741080284119,1,71
0.9159778952598572,1,15
0.5903807282447815,0,41
0.5588232278823853,1,39
0.43459174036979675,1,71
0.2707175612449646,1,39
0.9244967699050903,1,2
0.8733308911323547,1,9
0.7953668236732483,1,9
0.7012760639190674,0,9
0.692674458026886,1,9
0.6095950603485107,1,2
0.4775080978870392,0,12
0.36865514516830444,0,2
0.3460589051246643,0,0
0.3009837865829468,1,0
0.8048316836357117,1,61
0.922545850276947,1,0
0.9147152900695801,1,61
0.5386396050453186,1,44
0.6173468828201294,0,45
0.6094133853912354,0,45
0.40702950954437256,1,48
0.8613464832305908,1,61
0.2884707748889923,0,75
0.2714809775352478,1,39
0.919604480266571,1,61
0.8486296534538269,1,3
0.8304471969604492,1,3
0.8043229579925537,1,0
0.7494626045227051,1,0
0.5076104402542114,1,3
0.3522282540798187,1,3
0.30035683512687683,0,3
0.29117608070373535,1,3
0.2620021104812622,0,0
0.8862527012825012,1,3
0.8357887864112854,1,0
0.8989536166191101,1,62
0.676975429058075,0,16
0.47524067759513855,0,0
0.3374595046043396,1,16
0.9317073822021484,1,4
0.9214919209480286,1,4
0.8954865336418152,1,4
0.8720546960830688,1,4
0.8475251197814941,1,4
0.8147109150886536,1,4
0.6160861849784851,1,4
0.8132665753364563,1,4
0.4302821159362793,1,4
0.2988313138484955,1,7
0.8522155284881592,1,4
0.49475112557411194,1,4
0.2952098548412323,0,7
0.8630238175392151,1,4
0.754682183265686,1,4
0.8688857555389404,1,0
0.8514484167098999,1,9
0.8366216421127319,1,0
0.8046319484710693,1,0
0.7503639459609985,0,0
0.7349939346313477,1,0
0.6656081080436707,0,0
0.6344431042671204,0,0
0.6121340990066528,1,0
0.5040245652198792,1,0
0.5040013194084167,1,0
0.42830049991607666,1,0
0.4100574254989624,1,0
0.25974011421203613,0,26
0.548506498336792,1,13
0.905393660068512,1,0
0.8697810173034668,1,9
0.767716109752655,1,9
0.7513686418533325,1,0
0.7231781482696533,1,0
0.6667689085006714,1,0
0.6493629217147827,1,0
0.6253119111061096,0,58
0.5972963571548462,1,0
0.5654740929603577,0,0
0.5583819150924683,1,0
0.5561246871948242,1,0
0.5316312909126282,0,0
0.5102018713951111,1,0
0.39893195033073425,1,0
0.32500970363616943,1,26
0.29558607935905457,1,1
0.28601667284965515,1,58
0.2605244517326355,1,0
0.9201304912567139,1,5
0.8684159517288208,1,0
0.8546329736709595,1,0
0.8324260711669922,1,0
0.7164355516433716,1,0
0.6913164854049683,1,2
0.6119799613952637,1,2
0.520135760307312,1,2
0.5005679130554199,1,2
0.40796107053756714,1,2
0.352670818567276,0,26
0.341024786233902,1,2
0.26070526242256165,1,2
0.8946720361709595,1,10
0.8532382249832153,1,2
0.8493048548698425,1,2
0.8354525566101074,1,2
0.4868638813495636,1,2
0.35162052512168884,1,2
0.31840652227401733,1,2
0.9395932555198669,1,0
0.8642827868461609,1,13
0.7557746171951294,1,0
0.8513465523719788,1,18
0.6900553107261658,1,18
0.6817845702171326,1,18
0.5843966007232666,1,18
0.3776441514492035,0,18
0.3724997639656067,1,18
0.34483471512794495,1,18
0.29772084951400757,1,18
0.9179959893226624,1,18
0.9324092268943787,1,18
0.8627793788909912,1,18
0.8310005068778992,1,18
0.787520170211792,1,18
0.7829094529151917,1,18
0.7750551700592041,1,18
0.7200031280517578,1,18
0.6636331081390381,1,18
0.8630714416503906,1,0
0.7966280579566956,1,18
0.4201672375202179,0,18
0.2903638184070587,1,18
0.8119293451309204,1,11
0.8177862167358398,1,14
0.50267094373703,0,45
0.9081342816352844,1,0
0.6339238286018372,0,23
0.2650979459285736,0,23
0.7114675641059875,1,14
0.47809308767318726,0,14
0.4613468050956726,0,13
0.38966861367225647,1,46
0.7543727159500122,1,23
0.3961147964000702,1,23
0.8847822546958923,1,14
0.5902853012084961,0,14
0.8854092359542847,1,0
0.9362149834632874,1,0
0.4826206564903259,1,34
0.3981093466281891,0,32
0.33469387888908386,0,34
0.9148305058479309,1,0
0.8794516921043396,1,0
0.8704264760017395,1,0
0.6746413707733154,1,55
0.6237528920173645,1,55
0.3678489625453949,1,58
0.7576165795326233,1,9
0.6410967111587524,1,0
0.6097860336303711,1,0
0.3441562354564667,0,0
0.31730058789253235,0,0
0.8927847146987915,1,6
0.3499695658683777,1,2
0.3147929012775421,1,2
0.9381759166717529,1,12
0.4640301465988159,1,2
0.7051777243614197,1,19
0.47388821840286255,1,17
0.40284204483032227,0,18
0.32652929425239563,0,18
0.8454315066337585,1,19
0.8067812919616699,1,19
0.8000391125679016,1,19
0.6737274527549744,0,19
0.6512348055839539,0,19
0.6063675880432129,1,19
0.5965257883071899,1,19
0.5407159328460693,1,19
0.5373106002807617,1,19
0.5100204348564148,1,19
0.5056843757629395,1,19
0.4315228760242462,1,19
0.4298061728477478,1,19
0.42925265431404114,1,19
0.3244152367115021,1,19
0.2982224225997925,1,14
0.8360413908958435,1,15
0.5476467609405518,1,59
0.8710256814956665,1,19
0.7997756004333496,1,19
0.7986269593238831,1,19
0.7923732995986938,1,19
0.7457323670387268,1,19
0.6959190368652344,0,19
0.6408942341804504,1,19
0.627661943435669,1,19
0.5750377178192139,1,19
0.5468621850013733,0,19
0.5257678627967834,0,19
0.5210663676261902,1,19
0.48647457361221313,1,19
0.4732729494571686,1,19
0.45183053612709045,1,19
0.3576188087463379,1,19
0.28716957569122314,0,19
0.27517572045326233,0,19
0.2667233645915985,1,19
0.857629656791687,1,20
0.7490774393081665,1,20
0.2748614251613617,0,20
0.4329116642475128,1,8
0.41819068789482117,0,8
0.413620263338089,1,8
0.38326820731163025,0,8
0.35951006412506104,1,8
0.3114582300186157,0,8
0.9280080199241638,1,0
0.9101953506469727,1,20
0.6201452612876892,1,0
0.8881546258926392,1,20
0.8755634427070618,1,20
0.5753679275512695,1,20
0.448038786649704,1,20
0.3222028613090515,1,20
0.30079901218414307,1,20
0.29759901762008667,1,20
0.29460254311561584,0,20
0.2681874930858612,0,20
0.855616569519043,1,0
0.48588746786117554,1,28
0.26016610860824585,1,28
0.8636484742164612,1,20
0.7196359038352966,1,20
0.6578662395477295,1,20
0.8549514412879944,1,0
0.8473451137542725,1,0
0.8088490962982178,1,28
0.36392542719841003,1,26
0.309272825717926,0,74
0.9400438070297241,1,0
0.9014073014259338,1,0
0.8589247465133667,1,0
0.8556485176086426,1,0
0.7262167930603027,1,0
0.6637936234474182,1,0
0.6445500254631042,1,27
0.5702740550041199,1,28
0.5223590135574341,1,56
0.49977239966392517,0,26
0.32219240069389343,0,0
0.26905444264411926,0,40
0.26795968413352966,1,60
0.9476484656333923,1,20
0.3179509937763214,1,20
0.29867976903915405,0,20
0.8885308504104614,1,21
0.38445305824279785,0,59
0.9833478331565857,1,29
0.9599460959434509,1,16
0.9332020282745361,1,16
0.6556826233863831,1,59
0.6455492973327637,1,62
0.9529699087142944,1,22
0.8954023122787476,1,22
0.8816743493080139,1,22
0.9635829329490662,1,22
0.9386390447616577,1,22
0.9297246336936951,1,22
0.8904487490653992,1,0
0.8812283277511597,1,17
0.7808225750923157,1,0
0.5416232943534851,1,0
0.5390136241912842,1,0
0.38006559014320374,1,17
0.6173514127731323,1,17
0.4880721867084503,1,17
0.31252071261405945,1,17
0.922754168510437,1,17
0.9209234714508057,1,17
0.9112749099731445,1,17
0.5459569692611694,0,46
0.4402376115322113,0,47
0.4088976979255676,1,47
0.40774181485176086,1,47
0.38895612955093384,0,49
0.3150317370891571,1,47
0.29876700043678284,0,49
0.25739043951034546,0,41
0.635094940662384,0,75
0.6332047581672668,1,41
0.6064638495445251,1,75
0.3816722631454468,0,75
0.35816726088523865,1,58
0.9204862117767334,1,35
0.9115884900093079,1,0
0.9038751721382141,1,0
0.8694008588790894,1,0
0.8450718522071838,1,32
0.8389272689819336,1,0
0.5780444741249084,1,0
0.46358931064605713,0,34
0.4394608438014984,0,0
0.31808367371559143,0,2
0.26055312156677246,0,2
0.808630108833313,1,0
0.8039716482162476,1,0
0.7873992323875427,1,0
0.6863207221031189,1,0
0.6503261923789978,1,0
0.6358863711357117,1,0
0.496690034866333,1,46
0.48721203207969666,1,0
0.4731123745441437,1,0
0.39865830540657043,0,28
0.2905084490776062,0,0
0.6383703947067261,1,51
0.46154749393463135,1,51
0.4171171486377716,0,60
0.30887824296951294,1,51
0.3001367449760437,1,51
0.2639390528202057,1,42
0.687329113483429,1,46
0.5464692115783691,1,46
0.8525171279907227,1,55
0.8622289299964905,1,55
0.7196813225746155,1,0
0.6790755391120911,1,0
0.36738425493240356,0,55
0.26819711923599243,1,60
0.7094854712486267,0,44
0.6475393176078796,0,45
0.6041456460952759,1,50
0.6023252010345459,1,51
0.5882713198661804,1,50
0.45800095796585083,1,51
0.45471322536468506,0,50
0.3970921039581299,0,50
0.3888755142688751,0,50
0.38183286786079407,0,50
0.30399903655052185,0,50
0.2973982095718384,0,50
0.28892892599105835,0,50
0.2741432785987854,0,50
0.26815325021743774,0,50
0.26354578137397766,1,51
0.25478824973106384,0,50
0.6859036087989807,1,50
0.6758279204368591,0,51
0.5092028379440308,1,50
0.4447076618671417,1,50
0.4142497777938843,1,50
0.36373940110206604,1,50
0.298462450504303,1,50
0.7201371788978577,1,45
0.4476071000099182,0,51
0.4069896936416626,0,44
0.38638439774513245,1,51
0.37476837635040283,0,51
0.3687339127063751,0,51
0.32650721073150635,0,45
0.30079489946365356,0,51
0.28979018330574036,0,51
0.28268542885780334,0,51
0.2817230820655823,1,51
0.2732273042201996,0,51
0.6155608892440796,0,0
0.5131233930587769,0,30
0.4138491451740265,0,0
0.3699568808078766,0,30
0.3274576961994171,1,30
0.2865454852581024,1,0
0.8771582245826721,1,0
0.8721539974212646,1,0
0.6975288987159729,1,0
0.636354386806488,1,0
0.6029069423675537,0,30
0.42663559317588806,0,0
0.3481956720352173,0,33
0.5693103671073914,1,0
0.4907529056072235,1,0
0.7154714465141296,1,0
0.6492484211921692,1,0
0.6319540739059448,0,0
0.4588739573955536,0,0
0.44074296951293945,0,0
0.43075981736183167,1,0
0.3867267370223999,0,0
0.34009844064712524,0,0
0.3386787474155426,0,0
0.3347081243991852,1,0
0.3289492428302765,0,0
0.3181625306606293,0,0
0.29115211963653564,1,0
0.2719140350818634,0,0
0.26119178533554077,0,0
0.6802876591682434,1,0
0.6558666825294495,0,52
0.5908978581428528,1,0
0.4648658335208893,0,48
0.2868611812591553,1,0
0.7043167352676392,0,49
0.6644043326377869,1,54
0.8889776468276978,1,0
0.8870951533317566,1,0
0.6020558476448059,1,25
0.5562341809272766,0,3
0.5477628111839294,1,58
0.5249761939048767,0,53
0.4853622019290924,1,52
0.38513919711112976,0,48
0.26906949281692505,0,25
0.708961546421051,0,55
0.5664381980895996,1,48
0.43680453300476074,1,43
0.40230754017829895,0,55
0.3152810037136078,0,60
0.2883751690387726,0,77
0.9148405194282532,1,0
0.8922674655914307,1,41
0.8668297529220581,1,0
0.7796047329902649,1,75
0.6564072966575623,1,60
0.49278488755226135,0,43
0.2944960296154022,0,58
0.2803667187690735,0,43
0.2621803879737854,0,48
0.2548619210720062,1,26
0.7107663750648499,0,25
0.4676813781261444,0,56
0.44890129566192627,0,64
0.4322524666786194,1,39
0.3541567027568817,0,45
0.3192742168903351,1,55
0.29329830408096313,0,56
0.2843140661716461,0,56
0.27141448855400085,1,1
0.2513134181499481,0,45
0.956013023853302,1,37
0.9469524025917053,1,37
0.9108479619026184,1,37
0.908747673034668,1,37
0.8918967247009277,1,37
0.8346003293991089,1,37
0.6394908428192139,1,37
0.6276736855506897,1,37
0.4515475928783417,1,37
0.4268777072429657,0,37
0.26024892926216125,0,37
0.8949061632156372,1,0
0.8780666589736938,1,0
0.828325092792511,1,0
0.8019424676895142,1,0
0.7776409387588501,0,0
0.6681835651397705,1,0
0.5180621147155762,1,0
0.44749319553375244,1,0
0.422213077545166,1,0
0.3094688653945923,1,0
0.2821904122829437,1,0
0.7051937580108643,0,53
0.8303497433662415,1,16
0.6023949384689331,1,32
0.43270212411880493,0,29
0.7684792876243591,1,0
0.7367978096008301,1,43
0.7232706546783447,1,55
0.5734313130378723,1,0
0.7397109866142273,1,0
0.3109995126724243,1,0
0.9040020108222961,1,39
0.8483560085296631,1,0
0.7499546408653259,1,53
0.6264702081680298,0,60
0.6161832809448242,0,0
0.4954352080821991,1,0
0.26851576566696167,1,53
0.6437230706214905,0,15
0.5456807017326355,1,56
0.5067828297615051,0,59
0.41877034306526184,1,59
0.2800021767616272,0,56
0.8314369916915894,1,0
0.7266638278961182,1,53
0.2804953455924988,1,67
0.899202287197113,1,0
0.8715518116950989,1,38
0.818296492099762,1,0
0.6833204627037048,1,0
0.6401594877243042,1,0
0.6010985374450684,1,0
0.5690439343452454,1,0
0.5130712985992432,1,0
0.500606119632721,1,0
0.48626139760017395,1,0
0.3149726092815399,1,0
0.29865193367004395,1,0
0.2938273549079895,1,0
0.9233925938606262,1,39
0.9016108512878418,1,39
0.8613255620002747,1,60
0.8466632962226868,1,53
0.8356091380119324,1,53
0.6925745010375977,1,41
0.6872349977493286,1,53
0.6576018333435059,1,53
0.5516521334648132,1,39
0.43236032128334045,1,56
0.40355560183525085,1,43
0.33631789684295654,1,56
0.8234112858772278,1,0
0.6721394062042236,1,79
0.904885470867157,1,0
0.8734719753265381,1,0
0.8384687304496765,1,0
0.8120366334915161,1,0
0.7795517444610596,1,65
0.7038388252258301,1,0
0.5026940107345581,1,0
0.33596912026405334,1,57
0.28678253293037415,1,0
0.2744494080543518,1,57
0.2668142020702362,1,57
0.8921394348144531,1,56
0.41567015647888184,0,60
0.4147675931453705,0,60
0.378726601600647,0,59
0.32952502369880676,0,56
0.8557862043380737,1,0
0.6876031160354614,1,62
0.6033586859703064,1,0
0.3570936918258667,0,56
0.3419269323348999,0,56
0.30897772312164307,0,62
0.2520715892314911,0,0
0.8960238099098206,1,0
0.8633845448493958,1,0
0.8350334167480469,1,0
0.7949957847595215,1,0
0.7648338079452515,1,0
0.653118371963501,0,58
0.6482588052749634,1,0
0.6425601840019226,1,0
0.5194055438041687,1,58
0.36627399921417236,0,24
0.34186893701553345,0,28
0.9028530120849609,1,57
0.8498289585113525,1,57
0.5483667850494385,1,58
0.2520442605018616,1,75
0.8086197376251221,1,0
0.39807501435279846,1,0
0.39737528562545776,1,0
0.3781863749027252,0,25
0.2771364152431488,0,0
0.2659408450126648,0,0
0.2509376108646393,1,25
0.9232261180877686,1,0
0.8113227486610413,1,33
0.8767066597938538,1,53
0.6231937408447266,1,39
0.6061806082725525,1,45
0.5712217688560486,1,0
0.46735310554504395,0,41
0.4622880220413208,0,60
0.2913576662540436,0,0
0.28790730237960815,0,41
0.27793604135513306,1,0
0.2639469504356384,0,45
0.8029806017875671,1,0
0.5451973676681519,1,0
0.5389018058776855,1,0
0.5140067338943481,1,0
0.4945339858531952,0,0
0.4563797116279602,0,0
0.45395001769065857,0,0
0.39281296730041504,0,0
0.3262842893600464,0,0
0.30949485301971436,0,0
0.3064160645008087,1,0
0.28717994689941406,1,56
0.2797682583332062,0,0
0.2743400037288666,0,56
0.2603856921195984,1,56
0.9093816876411438,1,0
0.8419056534767151,1,38
0.8833712935447693,1,53
0.7596309185028076,1,45
0.7392679452896118,1,41
0.6850830316543579,1,60
0.8629862666130066,1,0
0.8565992712974548,1,0
0.8098905086517334,1,0
0.807440996170044,1,0
0.7704899311065674,1,0
0.7626736760139465,1,0
0.7473224401473999,1,63
0.7336724400520325,1,0
0.7249438762664795,0,63
0.6615688800811768,0,0
0.6179904937744141,1,0
0.6035431027412415,0,63
0.6010901927947998,0,63
0.5848357677459717,1,0
0.4923414885997772,0,63
0.4400623142719269,1,56
0.41646409034729004,0,65
0.40449318289756775,1,0
0.39522793889045715,0,0
0.3736457824707031,1,0
0.3471297323703766,0,63
0.3288250267505646,0,62
0.315799742937088,0,65
0.31018924713134766,1,0
0.7778996229171753,1,77
0.880347728729248,1,77
0.9460655450820923,1,68
0.9133008718490601,1,0
0.9052715301513672,1,0
0.6599646806716919,1,39
0.6284017562866211,1,39
0.5128834247589111,1,40
0.30743685364723206,0,39
0.28671300411224365,0,45
0.27348655462265015,0,39
0.27092620730400085,0,45
0.2622954547405243,1,53
0.26021525263786316,0,39
0.9056834578514099,1,74
0.39412927627563477,1,74
0.9201467633247375,1,0
0.8372386693954468,1,0
0.7593104839324951,1,0
0.4831897020339966,0,1
0.43884047865867615,1,0
0.2953307628631592,0,27
0.887588620185852,1,0
0.8097724914550781,1,0
0.7980307340621948,1,0
0.7646393775939941,1,0
0.5520929098129272,0,67
0.2528229355812073,0,2
0.9214105010032654,1,67
0.6869524121284485,1,0
0.36395737528800964,1,0
0.9532134532928467,1,72
0.8258486390113831,1,56
0.6017745733261108,1,56
0.41614019870758057,1,56
0.292743444442749,0,60
0.7744784355163574,1,72
0.9555894136428833,1,72
0.6093718409538269,1,70
0.41238102316856384,0,45
0.4767471253871918,1,45
0.3240560293197632,1,42
0.3234139680862427,0,60
0.2969536781311035,0,50
0.2743653357028961,1,45
0.849267303943634,1,74
0.9542752504348755,1,75
0.9055815935134888,0,75
0.3815723955631256,0,58
0.290072500705719,0,60
0.9292129278182983,1,75
0.6162115335464478,0,58
0.5406436324119568,0,0
0.7750886678695679,1,75
0.705735445022583,1,75
0.6353276371955872,1,75
0.6303913593292236,1,75
0.45531874895095825,0,25
0.3978196382522583,1,75
0.3750717043876648,1,75
0.32231783866882324,1,75
0.3012825846672058,1,75
0.2979816496372223,0,58
0.2601376175880432,1,75
0.934830367565155,1,77
0.4081948399543762,0,49
0.29410889744758606,0,60
0.7161912322044373,1,0
0.9493401646614075,1,72
0.9005868434906006,1,56
0.8446561694145203,1,56
0.753396213054657,1,56
0.8865777254104614,1,0
0.43494167923927307,0,71
0.9093793630599976,1,1
0.7239517569541931,1,0
0.8778220415115356,1,15
0.6326623558998108,0,61
0.2745837867259979,0,61
0.6130605340003967,1,39
0.6096315979957581,0,79
0.5181147456169128,1,41
0.35284423828125,0,39
0.8964226841926575,1,1
0.8909814357757568,1,0
0.6884750723838806,1,0
0.6733313202857971,1,1
0.41691192984580994,0,7
0.4083173871040344,0,7
0.3366331160068512,0,1
0.32512366771698,0,1
0.3083280622959137,1,1
0.2540958523750305,0,7
0.5145180225372314,1,61
0.42127525806427,0,71
0.35583198070526123,0,61
0.6874493956565857,1,58
0.518156886100769,0,71
0.2802402675151825,0,58
0.6055124402046204,1,15
0.277262419462204,1,2
0.9298260807991028,1,2
0.8517420291900635,1,2
0.8840320706367493,1,61
0.7748522162437439,1,61
0.8936182260513306,1,41
0.6752426028251648,0,56
0.572588324546814,1,50
0.5509098768234253,1,60
0.5392147302627563,1,50
0.39134520292282104,0,45
0.37785688042640686,1,51
0.35204267501831055,1,51
0.88255375623703,1,71
0.49416670203208923,0,61
0.30321308970451355,1,61
0.26576852798461914,1,61
0.9409769177436829,1,45
0.8744004368782043,1,16
0.8355308771133423,1,60
0.8345677256584167,1,45
0.6431587934494019,1,46
0.5114101767539978,1,46
0.9007575511932373,1,62
0.8695006370544434,1,62
0.29387152194976807,1,57
0.328138142824173,1,4
0.5590690970420837,1,4
0.9400322437286377,1,23
0.9247680306434631,1,23
0.753263533115387,1,0
0.7489092946052551,0,0
0.5255537033081055,0,6
0.46710407733917236,1,0
0.46687519550323486,1,5
0.44415411353111267,1,0
0.30650633573532104,0,6
0.7790197134017944,1,18
0.8544303178787231,1,0
0.7434496283531189,0,16
0.6944447159767151,1,0
0.6637035012245178,1,2
0.8876568078994751,1,18
0.8704925775527954,1,18
0.869861364364624,1,18
0.8562427163124084,1,18
0.8545300364494324,1,18
0.8029105067253113,1,18
0.6933325529098511,1,18
0.6581647992134094,1,18
0.603276789188385,1,18
0.5613282322883606,1,18
0.4785018265247345,0,18
0.39717575907707214,1,18
0.3517100512981415,1,18
0.3087320625782013,0,18
0.9056636095046997,1,18
0.7982105016708374,1,2
0.281475305557251,0,2
0.928120493888855,1,18
0.8678919672966003,1,18
0.8201069235801697,1,18
0.7840946912765503,1,18
0.3192809522151947,0,18
0.2873190641403198,0,18
0.8901345729827881,1,0
0.8794999122619629,1,0
0.8785448670387268,1,18
0.8614686727523804,1,0
0.8011070489883423,1,18
0.683793306350708,1,39
0.5333324074745178,1,18
0.8731598258018494,1,2
0.857778787612915,1,0
0.8170351982116699,1,0
0.7189700603485107,0,2
0.6686027646064758,1,1
0.6523951888084412,0,2
0.5858832001686096,1,2
0.512935996055603,1,0
0.48964786529541016,1,9
0.3361416161060333,0,10
0.3209448754787445,1,2
0.28647103905677795,0,9
0.2767241895198822,0,0
0.26794227957725525,1,9
0.9270803928375244,1,0
0.8507843613624573,1,27
0.7427544593811035,1,0
0.9661765694618225,1,11
0.3456459045410156,1,11
0.2979353368282318,0,7
0.7935070395469666,1,12
0.5884937644004822,1,16
0.5729023218154907,1,0
0.5391247272491455,0,0
0.34220537543296814,0,0
0.8185251951217651,1,19
0.8018986582756042,1,19
0.7036285996437073,1,19
0.6311205625534058,1,19
0.32478010654449463,1,19
0.29669928550720215,0,19
0.2865295112133026,0,19
0.7535824179649353,1,15
0.726216733455658,1,62
0.4033372402191162,0,15
0.3532966077327728,0,66
0.3328591287136078,1,62
0.8161702752113342,1,62
0.8135387301445007,1,15
0.8783354759216309,1,19
0.8532029986381531,1,19
0.829494297504425,1,19
0.8270190358161926,1,19
0.8008382320404053,1,19
0.7911260724067688,1,19
0.7857244610786438,1,19
0.7605918049812317,1,19
0.7567145228385925,0,19
0.7527512311935425,1,19
0.7024345993995667,1,19
0.687246561050415,1,19
0.6693429946899414,0,8
0.5491915941238403,0,7
0.9438756704330444,1,19
0.9422470927238464,1,19
0.8773241639137268,1,0
0.8498533964157104,1,0
0.7822750806808472,1,40
0.2739306688308716,1,27
0.39371874928474426,0,8
0.8444391489028931,1,20
0.8318966627120972,1,0
0.7902978658676147,1,0
0.5570307374000549,1,2
0.45297712087631226,1,0
0.2742067277431488,0,0
0.8868550658226013,1,25
0.8713635206222534,1,0
0.8519552946090698,1,0
0.8399804830551147,1,25
0.8383383750915527,1,0
0.8148093223571777,1,0
0.8141590356826782,0,18
0.7799009084701538,1,0
0.7282746434211731,1,25
0.7223523855209351,1,0
0.7022294402122498,1,25
0.6960237622261047,1,25
0.6562817096710205,1,0
0.6186451315879822,1,25
0.5955007076263428,0,18
0.5807411670684814,0,18
0.577534019947052,1,25
0.5412530899047852,1,0
0.5317311882972717,0,18
0.531201183795929,1,25
0.5168614387512207,0,0
0.5134773850440979,0,18
0.5041089653968811,0,25
0.41500622034072876,1,25
0.4136921465396881,1,25
0.35188788175582886,1,25
0.34920862317085266,0,18
0.33858758211135864,1,25
0.32623499631881714,1,25
0.3083151578903198,0,0
0.30713626742362976,0,25
0.2986249029636383,1,25
0.29855477809906006,0,18
0.2907968759536743,0,18
0.28008678555488586,0,18
0.2615155875682831,1,25
0.2556285262107849,1,25
0.6518248319625854,1,0
0.651435911655426,1,0
0.5771583914756775,1,0
0.5340427756309509,1,0
0.526540219783783,1,8
0.49654439091682434,1,8
0.4333098232746124,1,0
0.3081683814525604,1,0
0.3052382171154022,1,0
0.8431954979896545,1,77
0.7280083894729614,0,13
0.7260186672210693,1,77
0.912356972694397,1,16
0.6757910251617432,1,56
0.6064687371253967,1,72
0.9276980757713318,1,22
0.9292840361595154,1,16
0.7609078288078308,1,16
0.9158241152763367,1,22
0.9093995690345764,1,22
0.81009840965271,1,22
0.39484766125679016,0,19
0.28109198808670044,1,22
0.8488084077835083,1,22
0.7812770009040833,0,18
0.6027827858924866,0,18
0.4399622976779938,0,18
0.332400918006897,0,22
0.32458189129829407,0,18
0.9364194273948669,1,0
0.6866147518157959,1,30
0.8531419634819031,1,45
0.8418214917182922,1,45
0.7567526698112488,1,51
0.7381829619407654,1,45
0.7178831100463867,0,51
0.6779811382293701,1,45
0.6394902467727661,1,51
0.5930051207542419,0,51
0.5504004955291748,0,51
0.4822809100151062,1,50
0.4062391519546509,0,51
0.3592776656150818,0,51
0.33555933833122253,0,51
0.2906036972999573,0,60
0.7894970178604126,1,50
0.6966564655303955,1,50
0.46416914463043213,0,50
0.3703756332397461,1,50
0.3131846785545349,0,50
0.27339091897010803,0,45
0.9209554195404053,1,0
0.9025548100471497,1,0
0.8655857443809509,1,0
0.855175256729126,1,0
0.681970477104187,1,34
0.6084383130073547,1,35
0.34614723920822144,1,34
0.7998402118682861,1,46
0.5612978935241699,0,46
0.45842644572257996,0,46
0.43754228949546814,0,46
0.3348078429698944,0,46
0.2587776780128479,0,49
0.9277399778366089,1,0
0.8519764542579651,1,35
0.8236169815063477,1,0
0.7231420278549194,1,0
0.6825670003890991,1,0
0.31491681933403015,1,0
0.27782025933265686,1,0
0.776689887046814,1,42
0.7102870345115662,1,50
0.5572464466094971,1,50
0.5396079421043396,0,60
0.478143572807312,0,50
0.435192734003067,0,50
0.3865952789783478,0,42
0.2990594506263733,1,50
0.28432178497314453,1,50
0.7401608228683472,1,48
0.7190151810646057,1,0
0.8333116173744202,0,16
0.7680549025535583,1,17
0.5453202724456787,0,0
0.8944144248962402,1,41
0.702182412147522,1,48
0.6979156136512756,1,60
0.5549694895744324,0,42
0.4245862066745758,1,0
0.396631121635437,1,48
0.32546913623809814,1,60
0.2846126854419708,0,56
0.9321320056915283,1,0
0.9078012108802795,1,0
0.7749596238136292,1,45
0.6357486248016357,1,0
0.3092261552810669,1,0
0.9128568768501282,0,54
0.9012758731842041,0,54
0.8036144971847534,1,0
0.3296736478805542,1,37
0.9261179566383362,1,0
0.8998172283172607,1,0
0.830221951007843,1,0
0.8127918243408203,1,0
0.7337828278541565,1,0
0.39145857095718384,0,0
0.2587363123893738,1,0
0.8610274195671082,1,0
0.6629826426506042,1,41
0.5673126578330994,1,55
0.48725470900535583,1,56
0.3680536448955536,1,45
0.3589935004711151,0,41
0.25307440757751465,0,41
0.8649829626083374,1,45
0.8027402758598328,0,43
0.4048348367214203,1,48
0.2684369385242462,0,60
0.8241555690765381,1,55
0.7534147500991821,1,0
0.7119202613830566,1,0
0.6744081377983093,1,55
0.6576589345932007,0,55
0.5283218622207642,1,55
0.5081666111946106,1,0
0.49191737174987793,0,55
0.4625869393348694,0,55
0.4443814754486084,0,55
0.3594127893447876,0,60
0.3581816852092743,1,0
0.35298219323158264,1,55
0.3440895676612854,1,2
0.32836413383483887,0,55
0.28499311208724976,0,0
0.87184077501297,1,59
0.8828774690628052,1,0
0.858593761920929,1,0
0.6387608051300049,0,0
0.6378942131996155,1,0
0.824070930480957,1,0
0.7291855812072754,1,0
0.6707279086112976,1,0
0.5880982875823975,1,0
0.5033572316169739,1,0
0.4710743725299835,1,38
0.41596969962120056,0,0
0.38784468173980713,0,0
0.36775216460227966,1,38
0.27101171016693115,0,0
0.9239440560340881,1,53
0.8066450953483582,1,0
0.7049272060394287,1,0
0.7998901009559631,1,53
0.7824833989143372,1,41
0.640945553779602,1,41
0.6148961782455444,1,43
0.4937305152416229,0,60
0.3762730062007904,1,79
0.8689229488372803,1,0
0.8613150119781494,1,0
0.8476817011833191,1,0
0.8064208030700684,1,0
0.7761116027832031,1,0
0.6470826268196106,1,56
0.5863587856292725,1,56
0.5749003887176514,1,56
0.42573118209838867,1,56
0.34379297494888306,1,56
0.303882896900177,0,56
0.26186737418174744,1,65
0.261278361082077,0,0
0.2532905042171478,0,65
0.9412642121315002,1,0
0.45848026871681213,0,57
0.8966497778892517,1,41
0.8841825127601624,1,62
0.7625662684440613,1,0
0.7528871297836304,1,41
0.6021295189857483,1,0
0.5730224251747131,1,45
0.5234532952308655,1,41
0.47275763750076294,1,45
0.3423950672149658,0,60
0.30509164929389954,1,57
0.2904270887374878,0,57
0.2757311761379242,0,75
0.26450443267822266,0,41
0.25040456652641296,0,45
0.7973294854164124,1,0
0.7716979384422302,1,0
0.6991779804229736,1,0
0.6431315541267395,0,26
0.5991702675819397,0,26
0.5177361965179443,1,0
0.4605391323566437,1,0
0.4388713538646698,0,0
0.3369578421115875,1,65
0.3157241642475128,1,0
0.3026770353317261,1,0
0.2842179238796234,1,0
0.28115546703338623,0,0
0.26634976267814636,1,0
0.2554973363876343,1,0
0.8026119470596313,1,0
0.7888211607933044,1,0
0.6368812918663025,1,0
0.6353194713592529,1,0
0.5927553176879883,1,0
0.545068085193634,1,0
0.402254581451416,1,0
0.34159356355667114,0,0
0.2685542702674866,1,0
0.2663193941116333,1,0
0.25440120697021484,1,0
0.689193069934845,1,0
0.5991672277450562,1,65
0.5394026637077332,1,0
0.45170918107032776,1,0
0.4026215076446533,1,65
0.26011016964912415,1,65
0.861717700958252,1,0
0.7576082944869995,1,0
0.5877620577812195,0,65
0.5385047793388367,1,57
0.44403791427612305,1,0
0.31095290184020996,0,57
0.28357502818107605,0,65
0.9224740266799927,1,0
0.5265059471130371,1,38
0.3948400318622589,1,38
0.8977193236351013,1,0
0.8850042819976807,1,0
0.8271017074584961,1,38
0.8993944525718689,1,0
0.32801711559295654,0,13
0.9199647307395935,1,77
0.6655158996582031,1,74
0.7893453240394592,1,0
0.5478764772415161,1,77
0.32797420024871826,1,0
0.25932469964027405,0,77
0.8276886343955994,1,0
0.6595945358276367,1,0
0.2773180902004242,1,0
0.8907107710838318,1,0
0.8696033954620361,1,0
0.777668833732605,1,0
0.7203150987625122,1,35
0.4433586299419403,1,34
0.2741408050060272,1,35
0.9280790686607361,1,0
0.7477774024009705,1,0
0.8572181463241577,0,0
0.7528443932533264,1,0
0.40661704540252686,0,72
0.9283168315887451,1,0
0.8120763301849365,1,38
0.9488517045974731,1,0
0.8723703026771545,1,53
0.8418745398521423,1,53
0.7882921695709229,1,41
0.687649130821228,1,0
0.5514792203903198,1,60
0.3795904815196991,1,56
0.33591246604919434,1,42
0.31363704800605774,1,41
0.2699882686138153,0,56
0.83974689245224,1,74
0.8370514512062073,1,74
0.9541365504264832,1,63
0.8434697985649109,1,41
0.8420381546020508,1,77
0.8279824256896973,1,77
0.8248412013053894,1,77
0.7921933531761169,1,67
0.7875737547874451,1,0
0.7265486121177673,1,0
0.36979424953460693,0,39
0.2515377104282379,0,56
0.7079176902770996,1,0
0.4899495244026184,0,0
0.3462664783000946,0,0
0.3193027377128601,0,0
0.31534630060195923,1,67
0.85686194896698,1,0
0.8147090077400208,1,0
0.7963498830795288,1,0
0.5389049053192139,1,0
0.49928149580955505,1,0
0.37499284744262695,1,0
0.3621419072151184,1,25
0.3602769076824188,1,0
0.3574652075767517,0,67
0.32219475507736206,1,0
0.9240043759346008,1,0
0.3310442268848419,1,41
0.7757737636566162,1,39
0.7156896591186523,1,0
0.6333349943161011,1,39
0.4077446162700653,0,16
0.27640435099601746,1,39
0.2636972963809967,1,15
0.8512113690376282,1,41
0.6053458452224731,1,76
0.5421841740608215,0,47
0.3274604082107544,0,43
0.28876417875289917,0,76
0.6407286524772644,0,77
0.42245253920555115,1,77
0.38347116112709045,1,13
0.3974861204624176,1,74
0.3735206425189972,0,27
0.34197279810905457,0,26
0.30217668414115906,1,74
0.8892329335212708,1,75
0.7685828804969788,1,60
0.738214910030365,1,75
0.5438323020935059,0,56
0.4764638841152191,1,56
0.4729757010936737,0,75
0.3589845895767212,0,56
0.3111906945705414,1,75
0.2996040880680084,0,58
0.2969636917114258,0,58
0.28265878558158875,0,75
0.3463442325592041,0,0
0.29087817668914795,0,15
0.9560913443565369,1,0
0.8926076292991638,1,0
0.6553370356559753,1,0
0.42050403356552124,1,26
0.37211528420448303,1,27
0.9132863283157349,1,53
0.8833529949188232,1,0
0.6495882272720337,0,39
0.3620069622993469,0,60
0.2527592182159424,0,42
0.5347344875335693,0,57
0.8317696452140808,1,0
0.7238321900367737,1,0
0.3949261009693146,0,39
0.8796050548553467,1,62
0.8335452079772949,1,56
0.689598798751831,1,75
0.5589405298233032,1,0
0.47439321875572205,1,56
0.372646301984787,0,58
0.31982749700546265,0,56
0.25934380292892456,0,56
0.9036397337913513,1,15
0.7743675112724304,1,1
0.8160426020622253,1,71
0.7153630256652832,1,71
0.9387534856796265,1,1
0.6511586904525757,1,71
0.4129228889942169,0,71
0.5740095973014832,1,71
0.3952004313468933,0,71
0.2588263750076294,1,61
0.9431992173194885,1,61
0.6882427334785461,1,41
0.90567547082901,1,15
0.8514107465744019,1,39
0.47031688690185547,1,39
0.8472599387168884,1,16
0.797883927822113,0,0
0.7127525806427002,1,62
0.6416719555854797,1,66
0.9364169836044312,1,63
0.9240353107452393,1,62
0.8966756463050842,1,66
0.7945004105567932,1,41
0.7288752794265747,1,0
0.7177814245223999,0,0
0.5354825854301453,0,0
0.5335413813591003,1,0
0.3782126009464264,0,0
0.33145079016685486,1,41
0.29747292399406433,1,66
0.6557533740997314,1,0
0.5934871435165405,1,0
0.5896827578544617,1,0
0.576876699924469,0,0
0.5713202357292175,1,74
0.5129846930503845,1,0
0.48874250054359436,0,0
0.46791499853134155,0,62
0.46420183777809143,1,0
0.444949209690094,1,56
0.370980829000473,1,0
0.3279477655887604,1,0
0.3110310435295105,1,56
0.30526024103164673,0,0
0.2947515845298767,1,0
0.29322683811187744,0,0
0.2831410765647888,1,56
0.2745610177516937,0,0
0.26842835545539856,1,0
0.2604590654373169,1,56
0.2544679045677185,0,0
0.7754580974578857,1,14
0.6382261514663696,1,0
0.6081866025924683,0,48
0.522799551486969,0,0
0.341551274061203,1,14
